{
  "epochs": 1,
  "final_loss": 1.47939133644104,
  "best_loss": 1.47939133644104,
  "hidden_dim": 384,
  "dropout": 0.1,
  "num_node_types": 4,
  "num_relation_types": 36
}